{"cameraMode":{"drawMode":0,"name":"Shaded","section":"Shading Mode"},"sceneLighting":true,"audioPlay":false,"sceneViewState":{"m_AlwaysRefresh":false,"showFog":true,"showSkybox":true,"showFlares":true,"showImageEffects":true,"showParticleSystems":true,"showVisualEffectGraphs":true,"m_FxEnabled":true},"in2DMode":false,"pivot":{"x":27.862701416015626,"y":-12.131834030151368,"z":10.000892639160157},"rotation":{"x":0.17518992722034455,"y":0.746272087097168,"z":-0.21621111035346986,"w":0.6046918630599976},"size":44.12078857421875,"orthographic":false}